GoodReadAverageRating,numberofpages,author,bookformat,NumberofRatings,Language,description,id,bookEdition,title
4.26,391 pages,Khaled Hosseini,Paperback,1892163,English,"Amir is the son of a wealthy Kabul merchant, a member of the ruling caste of Pashtuns. Hassan, his servant and constant companion, is a Hazara, a despised and impoverished caste. Their uncommon bond is torn by Amir's choice to abandon his friend amidst the increasing ethnic, religious, and political tensions of the dying years of the Afghan monarchy, wrenching them far apart. But so strong is the bond between the two boys that Amir journeys back to a distant world, to try to right past wrongs against the only true friend he ever had.",77203,Riverhead trade paperback edition,The Kite Runner 
3.86,713 pages,Dan Brown,Mass Market Paperback,2094460,English,A devastating new weapon of destruction.,960,Pocket Books Premium Edition,Angels & Demons 
4.26,324 pages,Harper Lee,Paperback,3363373,English,"Compassionate, dramatic, and deepl",2657,50th Anniversary,To Kill a Mockingbird
4.14,328 pages,George Orwell,Mass Market Paperback,2078869,English," is still the great modern classic of ""negative utopia"" -a startlingly original and haunting novel that creates an imaginary world that is completely convincing, from the first sentence to the last four words. No one can deny t",5470,Signet Classics,Nineteen Eighty-Four
4.11,465 pages,Stieg Larsson,Hardcover,1949550,English,A Sensational #1 Bestseller – Now a Major Motion Picture In Theaters March 2010.,2429135,1st edition,Män som hatar kvinnor
4.24,279 pages,Jane Austen,Paperback,2212893,English,"“It is a truth universally acknowledged, that a single man in possession of a good fortune must be in want of a wife.” So begins Pride and Prejudice, Jane Austen’s witty comedy of manners—one of the most popular novels of all time—that features splendidly civilized sparring between the proud Mr. Darcy and the prejudiced Elizabeth Bennet as they play out their spirited courtship in a series of eighteenth-century drawing-room intrigues. Renowned literary critic and historian George Saintsbury in 1894 declared it the “most perfect, the most characteristic, the most eminently quintessential of its author’s works,” and Eudora Welty in the twentieth century described it as “irresistible and as nearly flawless as any fiction could be.”",1885,Modern Library Classics,Pride and Prejudice
4.3,391 pages,Suzanne Collins,Hardcover,1998635,English,"Against all odds, Katniss has won the Hunger Games. She and fellow District 12 tribute Peeta Mellark are miraculously still alive. Katniss should be relieved, happy even. After all, she has returned to her family and her longtime friend, Gale. Yet nothing is the way Katniss wishes it to be. Gale holds her at an icy distance. Peeta has turned his back on her completely. And there are whispers of a rebellion against the Capitol - a rebellion that Katniss and Peeta may have helped create.",6148028,"First Edition, US / Canada",Catching Fire
3.68,302 pages,Melissa de la Cruz,Hardcover,121386,English,"When the Mayflower set sail in 1620, it carried on board the men and women who would shape America: Miles Standish; John Alden; Constance Hopkins. But some among the Pilgrims were not pure of heart; they were not escaping religious persecution. Indeed, they were not even human. They were vampires.The vampires assimilated quickly into the New World. Rising to levels of enormous power, wealth, and influence, they were the celebrated blue bloods of American society. ",872333,1st Edition,Blue Bloods
4.05,498 pages,Caleb Carr,Paperback,101598,English," was first published in 1994, it was a major phenomenon, spending six months on the ",40024,Reprint Edition,The Alienist
4.59,1728 pages,J.R.R. Tolkien,Mass Market Paperback,94859,English, and the three volumes of ,30,Hobbit Movie Tie-in Boxed set,The Hobbit and The Lord of the Rings
4.42,863 pages,Robert Jordan,Hardcover,98883,English,The sun has begun to set upon the Third Age.,8253920,First Edition,Towers of Midnight
4.3,215 pages,Colleen Hoover,ebook,124770,                                  ,"Layken and Will have proved their love can get them through anything; until someone from Will’s past re-emerges, leaving Layken questioning the very foundation on which their relationship was built. Will is forced to face the ultimate challenge…how to prove his love for a girl who refuses to stop ‘carving pumpkins.’",13496084,1st Edition,Point of Retreat
4.43,2088 pages,L.M. Montgomery,Paperback,93186,English,"Includes Anne of Green Gables, Anne of Avonlea, Anne of the Island, Anne of Windy Poplars, Anne's House of Dreams, Anne of Ingleside, Rainbow Valley and Rilla of Ingleside - the whole co",3579,Boxed Set,The Complete Anne of Green Gables Boxed Set
4.35,783 pages,Robert Jordan,Hardcover,101100,English,"Robert Jordan was the pen name of James Oliver Rigney, Jr., under which he was best known as the author of the bestselling The Wheel of Time fantasy series. He also wrote under the names ",1166599,First,The Gathering Storm
3.8,547 pages,Stephen King,Mass Market Paperback,100606,English,It's not a very nice place to live. It's an even worse place to die.,10584,First Signet Edition,Desperation
3.89,420 pages,Lauren Kate,Hardcover,126024,English,"Luce would die for Daniel. And she has. Over and over again. Throughout time, Luce and Daniel have found each other, only to be painfully torn apart: Luce dead, Daniel left broken and alone. But perhaps it doesn’t need to be that way . . . Luce is certain that something – or someone – in a past l",9369720,1st Edition,Passion
4.17,931 pages,Stephen King,Mass Market Paperback,111541,English," are bearing southeast through the forests of Mid-World on their quest for the Dark Tower. Their path takes them to the outskirts of Calla Bryn Sturgis. But beyond the tranquil farm town, the ground rises to the hulking darkness of Thunderclap, the source of a terrible affliction that is stealing the town's soul. The wolves of Thunderclap and",4978,Pocket Books Premium Edition,Wolves of the Calla
4.26,426 pages,J.A. Redmerski,Paperback,128368,English,"Determined not to dwell on the negative and push forward, Camryn is",16081272,1st edition,The Edge of Never
4.12,480 pages,Kristin Cashore,Hardcover,134406,English,"This is where Fire lives. With a wild, irresistible appearance and hair the color of flame, Fire is the last remaining human monster. Equally hated a",6137154,1st US Edition,Fire
3.99,317 pages,Richard Matheson,Paperback,103281,English,Buried talents --,547094,Collection ,I Am Legend and Other Stories
3.42,406 pages,Jeffrey Eugenides,Hardcover,99713,English,"It's the early 1980s - the country is in a deep recession, and life after college is harder than ever. In the cafés on",10964693,First Edition,The Marriage Plot
3.78,224 pages,Marie Kondō,Hardcover,132755,English,"Despite constant efforts to declutter your home, do papers still accumulate like snowdrifts and clothes pile up like a tangled mess of noodles?",22318578,First American Edition,人生がときめく片づけの魔法
4.1,384 pages,Alice Clayton,Paperback,146326,English,"The first night after Caroline moves into her fantastic new San Francisco apartment, she realizes she's gaining an intimate knowledge of her new neighbor's nocturnal adventures. Thanks to paper-thin walls and the guy's athletic prowess, she can hear not just his bed banging against the wall but the ecstatic response of what seems (as loud night after loud night goes by) like an endless parade of women. And since Caroline is currently on a self-imposed dating hiatus, and her neighbor is clearly lethally attractive to women, she finds her fantasies keep her awake even longer than the noise. So when the wallbanging threatens to literally bounce her out of bed, Caroline, clad in sexual frustration and a pink baby-doll nightie, confronts Simon Parker, her heard-but-never-seen neighbor. The tension between them is as thick as the walls are thin, and the results just as mixed. Suddenly, Caroline is finding she may have discovered a whole new definition of neighborly...",15858248,Original Edition,Wallbanger
4.11,360 pages,Richard Dawkins,Paperback,101675,English,"Inheriting the mantle of revolutionary biologist from Darwin, Watson, and Crick, Richard Dawkins forced an enormous change in the way we see ourselves and the world with the publication of The Selfish Gene. Suppose, instead of thinking about organisms using genes to reproduce themselves, as we had since Mendel's work was rediscovered, we turn it around and imagine that ""our"" genes build and maintain us in order to make more genes. That simple reversal seems to answer many puzzlers which had stumped scientists for years, and we haven't thought of evolution in the same way since.",61535,30th Anniversary Edition,The Selfish Gene
3.86,227 pages,Joan Didion,Paperback,100166,English,At first they thought,7815,Vintage International (US / Canada),The Year of Magical Thinking
3.72,267 pages,William Faulkner,Paperback,111390,English,"William Cuthbert Faulkner was a Nobel Prize-winning American novelist and short story writer. One of the most influential writers of the twentieth century, his reputation is based mostly on his novels, novellas, and short stories. He was also a published poet and an occasional screenwriter.",77013,Book Club Edition,As I Lay Dying
3.72,335 pages,Upton Sinclair,Paperback,110068,English,"Upton Sinclair's dramatic and deeply moving story exposed the brutal conditions in the Chicago stockyards at the turn of the nineteenth century and brought into sharp moral focus the appalling odds against which immigrants and other working people struggled for their share of the American dream. Denounced by the conservative press as an un-American libel on the meatpacking industry, this book was championed by more progressive thinkers, including then president Theodore Roosevelt, and was a major catalyst to the passing of the Pure Food and Meat Inspection act, which has tremendous impact to this day.",41681,The Uncensored Original Edition,The Jungle
4.03,390 pages,Kelley Armstrong,Hardcover,137480,English,"All I wanted was to make friends, meet boys, and keep on being ordinary. I don't even know what that means anymore. It all started on the day that I saw my first ghost - and the ghost saw me.",2800905,First Edition,The Summoning
3.69,328 pages,Melissa Marr,Hardcover,136716,English,"Aislinn has always seen faeries. Powerful and dangerous, they walk hidden in the mortal world. Aislinn fears their cruelty - especially if they learn of her Sight - and wishes she were as blind to their presence as other teens.",305234,1st Edition,Wicked Lovely 
4.04,243 pages,Oliver Sacks,Paperback,112586,English,") recounts the case histories of patients lost in the bizarre, apparently inescapable world of neurological disorders. Oliver Sacks's ",63697,First Touchstone Edition,The Man Who Mistook His Wife for a Hat and Other Clinical Tales
3.74,325 pages,Muriel Barbery,Paperback,119462,English,"We are in the center of Paris, in an elegant apartment building inhabited by bourgeois families. Renée, the concierge, is witness to the lavish but vacuous lives of her numerous employers. Outwardly she conforms to every stereotype of the concierge: fat, cantankerous, addicted t",2967752,First English Edition,L'élégance du hérisson
3.97,308 pages,Albert Camus,Paperback,112798,English," is at once a masterfully crafted novel, eloquently understated and epic in scope, and a parable of ageless moral resonance, profoundly relevant to our times. In Oran, a coastal town in North Africa, the plague begins as a series of portents",11989,First Vintage International Edition,La peste
4.11,160 pages,Astrid Lindgren,Mass Market Paperback,131278,English,"Tommy and his sister Annika have a new neighbor, and her name is Pippi Longstocking. She has crazy red pigtails, no parents to tell her what to do, a horse that lives on her porch, and a flair for the outrageous that seems to lead to one adventure after another!",19302,"Puffin Modern Classics, US / CAN",Pippi Långstrump
3.88,311 pages,Charlaine Harris,Hardcover,138449,English,"Sookie Stackhouse is dealing with a whole host of family problems, ranging from her own kin (a non-human fairy and a telepathic second cousin) demanding a place in her life, to her lover Eric's vampire sire, an ancient being who arrives with Eric's 'brother' in tow at a most inopportune moment. And Sookie's tracking down a distant relation of her a",7091488,1st Edition,Dead in the Family
4.23,448 pages,Jamie McGuire,Paperback,145779,English,In ,15745950,Original Edition,Walking Disaster
3.8,240 pages,Lois Lowry,Paperback,128753,English,"In her strongest work to date, Lois Lowry once again creates a mysterious but plausible future world. It is a society ruled by savagery and deceit that shuns and discards the weak. Left orphaned and physically flawed, young Kira faces a frightening, uncertain future. Blessed with an almost magical talent that keeps her alive, she struggles with ever broadening responsibilities in her quest for truth, discovering things that will change her life forever.",12936,Reader's Circle,Gathering Blue
4.03,182 pages,Ellen Raskin,Paperback,125597,English,"Ellen Raskin was a writer, illustrator, and designer. She was born in Milwaukee, Wisconsin, and grew up during the Great Depression. She primarily wrote for children. She received the 1979 Newbery Medal for her 1978 book, The Westing Game.",902,Penguin,The Westing Game
4.2,224 pages,Raina Telgemeier,Hardcover,105343,English,"bestselling, Eisner Award-winning graphic memoir based on her childhood!",6393631,Graphic novel,Smile
3.79,237 pages,William Shakespeare,Paperback,129223,English,"The Merchant of Venice is one of Shakespeare’s most popular comedies, but it remains deeply controversial. The text may seem anti-Semitic; yet repeatedly, in performance, it has revealed a contrasting nature. Shylock, though vanquished in the law-court, often triumphs in the theatre. In his intensity he can dominate the play, challenging abrasively its romantic and lyrical affirmations. What results is a bitter-sweet drama.",24128,Folger Shakespeare Library,The Merchant of Venice
4.28,421 pages,Sarah J. Maas,Hardcover,194924,English,Dragged to a magical kingdom for th,16096824,1st Edition,A Court of Thorns and Roses
3.98,256 pages,Kenneth Grahame,Paperback,141101,English,"Meet little Mole, willful Ratty, Badger the perennial bachelor, and petulant Toad. Over one hundred years since their first appearance in 1908, they've become emblematic archetypes of eccentricity, folly, and friendship. And their misadventures-in gypsy caravans, stolen sports cars, and their Wild Wood-continue to capture readers' imaginations and warm their hearts long after they grow up. Begun as a series of letters from Kenneth Grahame to his son, ",5659,Penguin Classics,The Wind in the Willows
4.3,329 pages,Diana Wynne Jones,Mass Market Paperback,141429,English,"Sophie has the great misfortune of being the eldest of three daughters, destined to fail miserably should she ever leave home to seek her fate. But when she unwittingly attracts the ire of the Witch of the Waste, Sophie finds herself under a horrid spell that transforms her into an old lady. Her only chance at breaking it lies in the ever-moving castle in the hills: the Wizard Howl's castle. To untangle the enchantment, Sophie must handle the heartless Howl, strike a bargain with a fire demon, and meet the Witch of the Waste head-on. Along the way, she discovers that there's far more to Howl—and herself—than first meets the eye.",6294,Greenwillow Books,Howl's Moving Castle
3.46,493 pages,Dave Eggers,Hardcover,132392,English,"When Mae Holland is hired to work for the Circle, the world’s most powerful internet company, she feels she’s been given the opportunity of a lifetime. The Circle, run out of a sprawling California campus, links users’ personal emails, social media, banking, and purchasing with their universal operating system, resulting in one online identity and a new age of civility and transparency. ",18302455,First edition,The Circle
3.7,336 pages,Seth Grahame-Smith,Hardcover,119116,English,"""My baby boy..."" she whispers before dying.",7108001,First,Abraham Lincoln: Vampire Hunter
4.31,880 pages,Jacob Grimm,Paperback,128451,English,"Cinderella, Rapunzel, Snow-White, Hänsel and Gretel, Little Red-Cap (a.k.a. Little Red Riding Hood), and Briar-Rose (a.k.a. Sleeping Beauty) are only a few of more than 200 enchanting characters",22917,Pantheon Fairy Tale and Folklore Library,Brüder Grimm: Kinder- und Hausmärchen
3.93,323 pages,P.C. Cast,Hardcover,146616,English,"What if the hottest guy in the world was hiding a nameless evil, and all he wanted was you? At the start of this heart-pounding new installment of the bestselling House of Night series, Zoey’s friends have her back again and Stevie Rae and the red fledglings aren’t Neferet’s secrets any longer. But an unexpected danger has emerged. Neferet guards her powerful new consort, Kalona, and no one at the House of Night seems to understand the threat he poses. Kalona looks gorgeous, and he has the House of Night under his spell. A past life holds the key to breaking his rapidly spreading influence, but what if this past life shows Zoey secrets she doesn’t want to hear and truths she can’t face?",4134071,First Edition,Hunted
4.14,304 pages,Patti Smith,Hardcover,119037,English,", Patti Smith's first book of prose, the legendary American artist offers a never-before-seen glimpse of her remarkable relationship with photographer Robert Mapplethorpe in the epochal days of New York City and the Chelsea Hotel in the late sixties and seventies. An honest and moving story of youth and friendship, Smith brings the same unique, lyrical quality",341879,First Edition,Just Kids
3.65,95 pages,William Shakespeare,Paperback,136733,English,"The Oxford School Shakespeare has become the preferred introduction to the literary legacy of the greatest playwright in the English language. This exclusive collection of the Bard's best works has been designed specifically for readers new to Shakespeare's rich literary legacy. Each play is presented complete and unabridged, in large print. Every book is well illustrated, and starts with a commentary and character summary. Scene synopses and character summaries clarify confusing plots, while incisive essays explore the historical context and Shakespeare's sources. Each book ends with a complete list of Shakespeare's plays and a brief chronology of the Bard's life. The detailed explanatory notes are written clearly and positioned right next to the text--no more squinting at microscopic footnotes or flipping pages back and forth in search of endnotes! ",13006,Oxford School Shakespeare,The Tragedy of Julius Caesar
4.23,299 pages,Jennifer L. Armentrout,Paperback,177711,English,"When we moved to West Virginia right before my senior year, I’d pretty much resigned myself to thick accents, dodgy internet access, and a whole lot of boring… until I spotted my hot neighbor, with his looming height and eerie green eyes. Things were looking up.",12578077,2nd Edition,Obsidian
4.17,491 pages,Garth Nix,Mass Market Paperback,146883,English,"With Sabriel, the first installment in the Abhorsen seri",518848,First American Edition,Sabriel
4.33,2700 pages,Laura Ingalls Wilder,Boxed Set,129150,English,"Ingalls wrote a series of historical fiction books for children based on her childhood growing up in a pioneer family. She also wrote a regular newspaper column and kept a diary as an adult moving from South Dakota to Missouri, the latter of which has been published as a book.",114345,Box Set,The Little House Collection
4.26,444 pages,Christopher Moore,Paperback,126532,English,"The birth of Jesus has been well chronicled, as have his glorious teachings, acts, and divine sacrifice after his thirtieth birthday. But no one knows about the early life of the Son of God, the missing years -- except Biff, the Messiah's best bud, who has been resurrected to tell the story in the divinely hilarious yet heartfelt work ""reminiscent of Vonnegut and Douglas Adams""-",28881,1st Perennial,"Lamb: The Gospel According to Biff, Christ's Childhood Pal"
4.19,24 pages,Bill Martin Jr.,Board book,127729,English,"The book itself has little to no plot. Instead, the narrator asks various animals what they see with the response usually being another animal, the",759611,25th Anniversary Edition,"Brown Bear, Brown Bear, What Do You See?"
3.41,96 pages,John Steinbeck,Paperback,147238,English,"Like his father and grandfather before him, Kino is a poor diver, gathering pearls from the gulf beds that once brought great wealth to the kings of Spain and now provide Kino, Juana, and their infant son with meager subsistence. Then, on a day like any other, Kino emerges from the sea with a pearl as large as a sea gull’s egg, as “perfect as the moon.” With the pearl comes hope, the promise of comfort and of security…",5308,Centennial Edition,The Pearl of the World
3.51,178 pages,Stephenie Meyer,Hardcover,160351,English,"All Bree knows is that living with her fellow newborns has few certainties and even fewer rules: watch your back, don't draw attention to yourself, and abo",7937462,First Edition,The Short Second Life of Bree Tanner
3.95,280 pages,Sharon Creech,Paperback,133515,English,"Instantly, Phoebe Winterbottom came to mind. ""I could tell you an extensively strange story,"" I warned.",53496,Summer Reading Edition,Walk Two Moons
3.91,252 pages,Jules Verne,Paperback,142164,English,"One ill-fated evening at the Reform Club, Phileas Fogg rashly bets his companions £20,000 that he can travel around the entire globe in just eighty days - and he is determined not to lose. Breaking the well-establised routine of his daily life, the reserved Englishman immediately sets off for Dover, accompanied by his hot-blooded French manservant Passepartout. Travelling by train, steamship, sailing boat, sledge and even elephant, they must overcome storms, kidnappings, natural disasters, Sioux attacks and the dogged Inspector Fix of Scotland Yard - who believes that Fogg has robbed the Bank of England - to win the extraordinary wager. ",54479,Extraordinary Voyages #11,Le tour du monde en quatre-vingts jours
4.1,973 pages,John Irving,Hardcover,134974,English,"Raised from birth in the orphanage at St. Cloud's, Maine, Homer Wells has become the protege of Dr. Wilbur Larch, its physician and director. There Dr. Larch cares for the troubled mothers who seek his help, either by delivering and taking in their unwanted babies or by performing illegal abortions. Meticulously trained by Dr. Larch, Homer assists in the former, but draws the line at the latter. Then a young man brings his beautiful fiancee to Dr. Larch for an abortion, and everything about the couple beckons Homer to the wide world outside the orphanage ...",4687,Large Print,The Cider House Rules
4.0,289 pages,Matthew Quick,Paperback,130050,English,"Meet Pat. Pat has a theory: his life is a movie produced by God. And his God-given mission is to become physically fit and emotionally literate, whereupon God will ensure a happy ending for him -- the return of his estranged wife Nikki. (It might not come as a surprise to learn that Pat has spent time in a mental health facility.) The problem is, Pat's now home, and everything feels off. No one will talk to him about Nikki; his beloved Philadelphia Eagles keep losing; he's being pursued by the deeply odd Tiffany; his new therapist seems to recommend adultery as a form of therapy. Plus, he's being hunted by Kenny G!",13539044,Movie Tie-in Edition,The Silver Linings Playbook
4.03,455 pages,Robert Galbraith,Hardcover,147752,English,"When novelist Owen Quine goes missing, his wife calls in private detective Cormoran Strike. At first, Mrs. Quine just thinks her husband has gone off by himself for a few days—as he has done before—and she wants Strike to find him and bring him home.",18214414,US edition,The Silkworm
4.31,320 pages,Stephen King,Mass Market Paperback,153699,English, upon the publication of Stephen King's ,10569,US / CAN,On Writing: A Memoir of the Craft
3.86,394 pages,Jules Verne,Hardcover,149950,English,Jules Gabriel Verne was a French author who pioneered the genre of science-fiction. He is best known for his novels ,33507,"Extraordinary Voyages, #6",Vingt Mille Lieues Sous les Mers
4.19,356 pages,Sylvia Day,Paperback,158370,English,"No one knows how much he risked for me. How much I'd been threatened, or just how dark and desperate the shadow of our pas",15731779,First Edition,Entwined with You
4.06,386 pages,David McCullough,Paperback,137300,English,"In this masterful book, David McCullough tells the intensely human story of those who marched with General George Washington in the year of the Declaration of Independence - when the whole American cause was riding on their success, without which all hope for independence would have been dashed and the noble ideals of the Declaration would have amounted to little more than words on paper.",1067,US / Canada,1776
4.04,766 pages,Justin Cronin,Hardcover,146984,English,"First, the unthinkable: a security breach at a secret U.S. government facility unleashes the monstrous product of a chilling military experiment. Then, the unspeakable: a night of chaos and carnage gives way to sunrise on a nation, and ultimately a world, forever altered. All that remains for",6690798,USA,The Passage
3.8,1006 pages,Susanna Clarke,Paperback,156072,English,"English magicians were once the wonder of the known world, with fairy servants at their beck and call; they could c",14201,First Tor Edition,Jonathan Strange & Mr Norrell
3.52,367 pages,Ally Condie,Paperback,180621,English,The books you read. ,15812814,Reprint Edition,Crossed
4.08,849 pages,Christopher Paolini,Hardcover,164151,English,... It ends with ,7664041,First Edition,Inheritance
3.97,352 pages,Johanna Spyri,Hardcover,155118,English,"Orphaned Heidi lives with her gruff but caring grandfather on the side of Swiss mountain, where she befriends young Peter the goat-herd. She leads an idyllic life, until she is forced to leave the mountain she has always known to go and live with a sickly girl in the city. Will Heidi ever see her grandfather again? A classic tale of a young girl's coming-of-age, of friendship, and familial love.",93,Kingfisher Classics,Heidi
4.12,182 pages,Ray Bradbury,Mass Market Paperback,157797,English,The Martian Chronicles tells the story of humanity’s repeated attempts to colonize the red planet. The first men were few. Most succumbed to a disease they called the Great Loneliness when they saw their home planet dw,76778,Grand Master Edition,The Martian Chronicles
3.9,307 pages,P.C. Cast,Paperback,190301,English,"Dark forces are at work at the House of Night and Zoey Redbird’s adventures at the school take a mysterious turn. Her best friend, Stevie Rae, is undead and struggling to maintain a grip on her humanity. Zoey finds herself in the very unexpected and rare situation of having three boyfriends. Mix a little bloodlust into the equation and the situation has the potential to spell social disaster. Just when it seems things couldn’t get any tougher, vampyres start turning up dead. Really dead. It looks like the People of Faith are tired of living side-by-side with vampyres. But, as Zoey and her friends so often find out, how things appear rarely affects the truth…",1326258,First Edition,Chosen: A House of Night Novel
3.92,436 pages,Stephen King,Hardcover,151395,English,"In another part of town, months l",18775247,1st Edition,Mr. Mercedes
3.8,112 pages,Richard Bach,Paperback,152004,English,Jonathan Livingston Seagull is no ordinary bird. He beli,71728,pocket-book,Jonathan Livingston Seagull
3.89,452 pages,Lauren Kate,Hardcover,182425,English,"In the aftermath of what happened at Sword & Cross, Luce has been hidden away by her cursed angelic boyfriend, Daniel, in a new school filled with Nephilim, the offspring of fallen angels and humans. Daniel promises she will be safe here, protected from those who would kill her. At the school Lu",7740152,1st Edition,Torment
3.83,688 pages,E.H. Gombrich,Hardcover,172647,English,"This text is the 16th revised and updated edition of this introduction to art, from the earliest cave paintings to experimental art. Eight new artists from the modern period have been introduced. They are: Corot, Kollwitz, Nolde, de Chirico, Brancussi, Magritte, Nicolson and Morandi. A sequence of new ""endings"" have been added, and the captions are now fuller, including the medium and dimension of the works illustrated. Six fold-outs present selected large-scale works. They are: Van Eyck's ""Ghent Altarpiece"", Leonardo's ""Last Supper"", Botticelli's ""Birth of Venus"", Jackson Pollock's ""One (Number 31, 1950)"", Van der Weyden's ""Descent from the Cross"" and Michelangelo's Sistine Chapel ceiling.",222078,16th edition,The Story of Art
4.0,400 pages,Margaret Atwood,Paperback,168749,English," is at once an unforgettable love story and a compelling vision of the future. Snowman, known as Jimmy before mankind was overwhelmed by a plague, is struggling to survive in a world where he may be the last human, and mourning the loss of his best friend, Crake, and the beautiful and elusive Oryx whom they both loved. In search of answers, Snowman embarks on a journey–with the help of the green-eyed Children of Crake–through the lush wilderness that was so recently a great city, until powerful corporations took mankind on an uncontrolled genetic engineering ride. Margaret Atwood projects us into a near future that is both all too familiar and beyond our imagining.",46756,US,Oryx and Crake
4.3,454 pages,Marissa Meyer,Hardcover,215764,English,"Halfway around the world, Scarlet Benoit’s grandmother is missing. When Scarlet encounters Wolf, a street fighter who may have information as to her",13206760,1st,Scarlet
4.0,312 pages,Anthony Bourdain,Paperback,146862,English,"New York Chef Tony Bourdain gives away secrets of the trade in his wickedly funny, inspiring memoir/expose. ",33313,Updated Edition,Kitchen Confidential: Adventures in the Culinary Underbelly
3.65,329 pages,Gustave Flaubert,Paperback,188403,English,"When Emma Rouault marries Charles Bovary she imagines she will pass into the life of luxury and passion that she reads about in sentimental novels and women's magazines. But Charles is a dull country doctor, and provincial life is very different from the romantic excitement for which she yearns. In her quest to realize her dreams she takes a lover, and begins a devastating spiral into deceit and despair.",2175,Oxford World's Classics,Madame Bovary
4.19,242 pages,Frances Hodgson Burnett,Paperback,218696,English,", one o",3008,Penguin Classics,A Little Princess
4.42,608 pages,Richelle Mead,Hardcover,219387,English," Just before the light completely vanished, I saw Dimitri's face join Lissa's. I wanted to smile. I decided th",6527740,1st Edition,Last Sacrifice 
4.04,323 pages,David Sedaris,Hardcover,157714,English, confirms once again that David Sedaris is a master of mystery and su,1044355,US,When You Are Engulfed in Flames
4.04,422 pages,Laini Taylor,Hardcover,231485,English,"In a dark and dusty shop, a devil’s supply of human teeth grows dangerously low.",8490112,US,Daughter of Smoke & Bone
4.06,246 pages,William Shakespeare,Mass Market Paperback,186492,English,"The action is set in Sicily, where Don Pedro, Prince of Aragon, has recently defeated his half-brother, the bastard Don John, in a military engagement. Apparently reconciled, they return to the capital, Messina, as guests of the Governor, Leonato. There Count Claudio, a young nobleman serving in Don Pedro's army, falls in love with Hero, Leonato's daughter, whom Don Pedro woos on his behalf. The play's central plot shows how Don John maliciously deceives Claudio into believing that Hero has taken a lover on the eve of her marriage, causing Claudio to repudiate her publicly, at the altar.",12957,Folger Shakespeare Library Edition,Much Ado About Nothing
4.1,176 pages,J.M. Barrie,Hardcover,197840,English,"Peter Pan, the book based on J.M. Barrie's famous play, is filled with unforgettable characters: Peter Pan, the boy who would not grow up; the fairy, Tinker Bell; the evil pirate, Captain Hook; and the three children--Wendy, John, and Michael--who fly off with Peter Pan to Neverland, where they meet Indians and pirates and a crocodile that ticks. Renowned children's-book artist Michael Hague has brought the amazing adventures of Peter Pan to life. His beautiful illustrations capture the wild, seductive power of this classic book. This newly designed edition will be enjoyed by fans young and old alike.",34268,100th Anniversary Edition,Peter Pan
3.89,288 pages,Jeff Lindsay,Paperback,158941,English,"Meet Dexter Morgan, a polite wolf in sheep's clothing. He's handsome and charming, but something in his past has made him abide by a different set of rules. He's a serial killer whose one golden rule makes him immensely likeable: he only kills bad people. And his job as a blood splatter expert for the Miami police department puts him in the perfect position to identify his victims. But when a series of brutal murders bearing a striking similarity to his own style start turning up, Dexter is caught between being flattered and being frightened -- of himself or some other fiend.",17231,Media Tie-In; Vintage Crime / Black Lizard; US / CAN,Darkly Dreaming Dexter
3.42,213 pages,Unknown,Paperback,185800,English,"The national bestseller and winner of the Whitbread Award. Composed toward the end of the first millennium, Beowulf is the classic Northern epic of a hero’s triumphs as a young warrior and his fated death as a defender of his people. The poem is about encountering the monstrous, defeating it, and then having to live on, physically and psychically exposed in the exhausted aftermath. It is not hard to draw parallels in this story to the historical curve of consciousness in the twentieth century, but the poem also transcends such considerations, telling us psychological and spiritual truths that are permanent and liberating.",52357,Bilingual Edition,Beowulf
3.76,352 pages,Sophie Kinsella,Hardcover,183900,English,Somehow Lexi went from a twent,1358844,First Edition,Remember Me?
4.11,1392 pages,Leo Tolstoy,Paperback,195036,English,"Tolstoy's epic masterpiece intertwines the lives of private and public individuals during the time of the Napoleonic wars and the French invasion of Russia. The fortunes of the Rostovs and the Bolkonskys, of Pierre, Natasha, and Andrei, are intimately connected with the national history that is played out in parallel with their lives. Balls and soirees alternate with councils of war and the machinations of statesmen and generals, scenes of violent battles with everyday human passions in a work whose extraordinary imaginative power has never been surpassed. ",656,Oxford World's Classics,Война и миръ
4.07,559 pages,Donna Tartt,Paperback,192122,English,"Under the influence of their charismatic classics professor, a group of clever, eccentric misfits at an elite New England college discover a way of thinking and living that is a world away from the humdrum existence of their contemporaries. But when they go beyond the boundaries of normal morality they slip gradually from obsession to corruption and betrayal, and at last - inexorably - into evil.",29044,First Vintage Contemporary Edition - Hard Paperback,The Secret History
3.95,338 pages,P.C. Cast,Paperback,198829,English,"Life sucks when your friends are pissed at you. Just ask Zoey Redbird – she's become an expert on suckiness. In one week she has gone from having three boyfriends to having none, and from having a close group of friends who trusted and supported her, to being an outcast. Speaking of friends, the only two Zoey has left are undead and unMarked. And Neferet has declared war on humans, which Zoey knows in her heart is wrong. But will anyone listen to her? Zoey's adventures at vampyre finishing school take a wild and dangerous turn as loyalties are tested, shocking true intentions come to light, and an ancient evil is awakened in PC and Kristin Cast's spellbinding fourth House of Night novel. (",2866718,First Edition,Untamed: A House of Night Novel
4.42,592 pages,Stephen King,Paperback,192585,English,"At Cold Mountain Penitentiary, along the lonely stretch of cells known as the Green Mile, killers are depraved as the psychopathic ""Billy the Kid"" Wharton and the possessed Eduard Delacroix await death strapped in ""Old Sparky."" Here guards as decent as Paul Edgecombe and as sadistic as Percy Wetmore watch over them. But good or evil, innocent or guilty, none have ever seen the brutal likes of the new prisoner, John Coffey, sentenced to death for raping and murdering two young girls. Is Coffey a devil in human form? Or is he a far, far different kind of being?",11566,Six Volume Box Set ,The Green Mile
4.04,382 pages,Orson Scott Card,Mass Market Paperback,183915,English,"Now long years later, a second alien race has been discovered, but again the aliens’ ways are strange and frightening…again, humans die. And it is only the Speaker for the Dead, who is also Ender Wiggin the Xenoc",7967,Revised Mass Market Edition,Speaker for the Dead
3.89,374 pages,Richard Dawkins,Hardcover,178411,English,"With rigor and wit, Dawkins examines God in all his forms, from the sex-obsessed tyrant of the Old Testament to the more benign (but still illogical) Celestial Watchmaker favored by",14743,First American Edition,The God Delusion
3.84,560 pages,Jane Austen,Paperback,226356,English,"Taken from the poverty of her parents' home, Fanny Price is brought up with her rich cousins at Mansfield Park, acutely aware of her humble rank and with only her cousin Edmund as an ally. When Fanny's uncle is absent in Antigua, Mary Crawford and her brother Henry arrive in the neighbourhood, bringing with them London glamour and a reckless taste for flirtation. As her female cousins vie for Henry's attention, and even Edmund falls for Mary's dazzling charms, only Fanny remains doubtful about the Crawfords' influence and finds herself more isolated than ever. A subtle examination of social position and moral integrity, ",45032,Penguin Classics,Mansfield Park
3.97,418 pages,Pearl S. Buck,Paperback,194142,English,Hard times come upon Wang Lung and his family w,1078,(Enriched Classics),The Good Earth
4.48,133 pages,Chuck Dixon,Paperback,159416,English,'The Hobbit' is the story of Bilbo Baggins…a quiet and contented hobbit whose life is turned upside down when he joins the wizard Gandalf and thirteen dwarves on their quest to,659469,Graphic Novel,The Hobbit
4.03,748 pages,Christopher Paolini,Hardcover,228709,English,"It's been only months since Eragon first uttered ""brisingr"", an ancient language term for fire. Since then, he's not only learned to create magic with words — he's been challenged to his very core. Following the colossal battle against the Empires warriors on the Burning Plains, Eragon and his dragon, Saphira, have narrowly",2248573,First Edition,Brisingr
4.02,322 pages,Jim Butcher,Mass Market Paperback,221280,English," at what he does. So when the Chicago P.D. has a case that transcends mortal creativity or capability, they come to him for answers. For th",47212,First Edition,Storm Front
3.93,310 pages,P.C. Cast,Paperback,213841,English,"Zoey, High Priestess in training, has managed to settle in at the House of Night and come to terms with the vast powers the Vampyre Goddess Nyx has given her. Just as she finally feels she belongs, the unthinkable happens: human teenagers are being killed, and all evidence points to the House of Night. While d",676924,First Edition,Betrayed: a House of Night Novel
4.12,212 pages,Stephen Hawking,Paperback,184631,English,"In the ten years since its publication in 1988, Stephen Hawking's classic work has become a landmark volume in scientific writing, with more than nine million copies in forty languages sold worldwide. That edition was on the cutting edge of what was then known about the origins and nature of the universe. But the intervening years have seen extraordinary advances in the technology of observing both the micro- and the macrocosmic worlds. These observations have confirmed many of Professor Hawking's theoretical predictions in the first edition of his book, including the recent discoveries of the Cosmic Background Explorer satellite (COBE), which probed back in time to within 300,000 years of the universe's beginning and revealed wrinkles in the fabric of space-time that he had projected. Eager to bring to his original text the new knowledge revealed by these observations, as well as his own recent research, Professor Hawking has prepared a new introduction to the book, written an entirely new chapter on wormholes and time travel, and updated the chapters throughout.",3869,Updated & Expanded 10th Anniversary,A Brief History of Time: From the Big Bang to Black Holes
4.07,427 pages,Becca Fitzpatrick,Hardcover,235223,English,"Nora Grey's life is still far from perfect. Surviving an attempt on her life wasn't pleasant, but at least she got a guardian angel out of it. A mysterious, magnetic, gorgeous guardian angel. But despite his role in her life, Patch has been acting anything but angelic. He's more elusive than ever (if that's possible) and what's worse, he seems to be spending time with Nora's archenemy, Marcie Millar.",7791997,First Edition,Crescendo
3.92,470 pages,Lauren Oliver,Paperback,235831,English, bestselling author Lauren Oliver emerged as one of today's foremost authors of young adult fiction. Like Jay Asher's ,6482837,Enhanced Edition,Before I Fall
3.92,340 pages,Arundhati Roy,Hardcover,183865,English,"The year is 1969. In the state of Kerala, on the southernmost tip of India, fraternal twins Esthappen and Rahel fashion a childhood for themselves in the shade of the wreck that is their family. Their lonely, lovely mother, Ammu, (who loves by night the man her children love by day), fled an abusive marriage to live with their blind grandmother, Mammachi (who plays Handel on her violin), their beloved uncle Chacko (Rhodes scholar, pickle baron, radical Marxist, bottom-pincher), and their enemy, Baby Kochamma (ex-nun and incumbent grandaunt). When Chacko's English ex-wife brings their daughter for a Christmas visit, the twins learn that things can change in a day, that lives can twist into new, ugly shapes, even cease forever, beside their river...",9777,1st American,The God of Small Things
4.13,467 pages,Haruki Murakami,Paperback,198043,English," is powered by two remarkable characters: a teenage boy, Kafka Tamura, who runs away from home either to escape a gruesome oedipal prophecy or to search for his long-missing mother and sister; and an aging simpleton called Nakata, who never recovered from a wartime affliction and now is drawn toward Kafka for reasons that, like the most basic activities of daily life, he cannot fathom.",4929,US / Canada,海辺のカフカ [Umibe no Kafuka]
4.37,489 pages,Richelle Mead,Hardcover,235901,English,"Scorpio Richelle Mead is a New York Times and USA Today bestselling author of urban fantasy books for both adults and teens. Originally from Michigan, Richelle now lives in Seattle, Washington where she works on her three series full-time: Georgina Kincaid, Dark Swan, and Vampire Academy.",6479259,1st Edition,Spirit Bound
3.59,301 pages,Alyson Noel,Paperback,236684,English,"After a horrible accident claims the lives of her family, sixteen-year-old Ever Bloom can see people's auras, hear their thoughts, and know someone's entire life story by touching them. Going out of her way to avoid human contact to suppress her abilities, she has been branded a freak at her new high school — but everything changes when she meets Damen Auguste.",3975774,1st Edition,Evermore
3.84,291 pages,Betty Edwards,Paperback,224451,English," was first published in 1979, it hit the ",627206,Third Edition,Drawing on the Right Side of the Brain
3.96,471 pages,Ernest Hemingway,Paperback,207535,English,"Ernest Miller Hemingway was an American author and journalist. His economical and understated style had a strong influence on 20th-century fiction, while his life of adventure and his public image influenced later generations. Hemingway produced most of his work between the mid-1920s and the mid-1950s, and won the Nobel Prize in Literature in 1954. He published seven novels, six short story collections and two non-fiction works. Three novels, four collections of short stories and three non-fiction works were published posthumously. Many of these are considered classics of American literature.",46170,UK / CAN,For Whom the Bell Tolls
4.04,337 pages,Susan Cain,Hardcover,224129,English,"At least one-third of the people we know are introverts. They are the ones who prefer listening to speaking, reading to partying; who innovate and create but dislike self-promotion; who favor working on their own over brainstorming in teams. Although they are often labeled ""quiet,"" it is to introverts that we owe many of the great contributions to society--from van Gogh’s sunflowers to the invention of the personal computer.",8520610,First Edition (U.S.),Quiet: The Power of Introverts in a World that Can't Stop Talking
3.62,432 pages,James Frey,Paperback,190633,English,"At the age of 23, James Frey woke up on a plane to find his front teeth knocked out and his nose broken. He had no idea where the plane was headed nor any recollection of the past two weeks. An alcoholic for ten years and a crack addict for three, he checked into a treatment facility shortly after landing. There he was told he could either stop using or die before he reached age 24. This is Frey's acclaimed account of his six weeks in rehab.",1241,Oprah's Book Club,A Million Little Pieces
4.19,544 pages,Bill Bryson,Paperback,208323,English,"In Bryson's biggest book, he confronts his greatest challenge: to understand—and, if possible, answer—the oldest, biggest questions we have posed about the universe and ourselves. Taking as territory everything from the Big Bang to the rise of civilization, Bryson seeks to understand how we got from there being nothing at all to there being us. To that end, he has attached himself to a host of the world’s most advanced (and often obsessed) archaeologists, anthropologists, and mathematicians, travelling to their offices, laboratories, and field camps. He has read (or tried to read) their books, pestered them with questions, apprenticed himself to their powerful minds. ",21,First Trade Paperback Edition,A Short History of Nearly Everything
4.1,326 pages,Philip Pullman,Hardcover,272568,English,"Each is searching—Lyra for the meaning of Dark Matter, Will for his missing father—but what they find instead is a deadly secret, a knife of untold power. And neither",119324,First American Edition,The Subtle Knife
3.85,608 pages,Charles Dickens,Paperback,255322,English,"The story of the orphan Oliver, who runs away from the workhouse only to be taken in by a den of thieves, shocked readers when it was first published. Dickens's tale of childhood innocence beset by evil depicts the dark criminal underworld of a London peopled by vivid and memorable characters — the arch-villain Fagin, the artful Dodger, the menacing Bill Sikes and the prostitute Nancy. Combining elements of Gothic Romance, the Newgate Novel and popular melodrama, in ",18254,Penguin Classics,Oliver Twist
4.46,502 pages,Cassandra Clare,Hardcover,332364,English,"In the magical underworld of Victorian London, Tessa Gray has at last found safety with the Shadowhunters. But that safety proves fleeting when rogue forces in the Clave plot to see her protector, Charlotte, replaced as head of the Institute. If Charlotte loses her position, Tessa will be out on the street—and easy prey for the mysterious Magister, who wants to use Tessa’s powers for his own dark ends.",10025305,Collector's First Edition,Clockwork Prince
4.08,204 pages,Hunter S. Thompson,Paperback,243742,English,"Hunter Stockton Thompson was an American journalist and author, famous for his book ",7745,Second Vintage Books Edition,Fear and Loathing in Las Vegas: A Savage Journey to the Heart of the American Dream
3.98,154 pages,L. Frank Baum,Paperback,281436,English,"Dorothy thinks she's lost forever when a tornado whirls her and her dog, Toto, into a magical world. To get home, she must find the wonderful wizard in the Emerald City of Oz. On the way she meets the Scarecrow, the Tin Woodman and the Cowardly Lion. But the Wicked Witch of the West has her own plans for the new arrival - will Dorothy ever see",236093,Penguin Popular Classics,The Wonderful Wizard of Oz
3.99,483 pages,Stephen King,Paperback,247917,English,"Stephen Edwin King was born the second son of Donald and Nellie Ruth Pillsbury King. After his father left them when Stephen was two, he and his older brother, David, were raised by his mother. Parts of his childhood were spent in Fort Wayne, Indiana, where his father's family was at the time, and in Stratford, Connecticut. When Stephen was eleven, his mother brought her children back to Durham, M",11590,17th Impression,Salem's Lot
3.83,683 pages,Homer,Paperback,276123,English,"In the Western classical tradition, Homer (Greek: ",1371,Deluxe Edition,Ἰλιάς
4.27,32 pages,Margaret Wise Brown,Hardcover,253433,"
                  ","In this classic of children's literature,",32929,60th Anniversary Edition,"
                  0060775858
                      "
3.28,503 pages,J.K. Rowling,Hardcover,255920,English,"Pagford is, seemingly, an English idyll, with a cobbled market square and an ancient abbey, but what lies behind the pretty façade is a town at war.",13497818,First Edition (US),The Casual Vacancy
3.99,146 pages,Roald Dahl,Hardcover,292148,English,"When James accidentally drops some magic crystals by the old peach tree, strange things start to happen. The peach at the top of the tree begins to grow, and before long it's as big as a house. When James discovers a secret entranceway into the fruit and crawls inside, he meets wonderful new friends--the Old-Green-Grasshopper, the dainty Ladybug, and the Centipede of the multiple boots. After years of feeling like an outsider in his aunts' house, James finally found a place where he belongs. With a snip of the stem, the peach household starts rolling away--and the adventure begins!",6689,Borzoi Book Edition,James and the Giant Peach
3.94,440 pages,Pittacus Lore,Hardcover,271987,English,"Our plan was to grow, and train, and become strong, and become one",7747374,1st Edition,I Am Number Four
4.33,338 pages,Sylvia Day,Paperback,268502,English,.,13596809,First Edition,Reflected in You
4.25,206 pages,Randy Pausch,Hardcover,249841,English, -- Randy,2318271,First edition,The Last Lecture
4.16,424 pages,Cassandra Clare,Hardcover,376216,English,"The Mortal War is over, and sixteen-year-old Clary Fray is back home in New York, excited about all the possibilities before her. She’s training to become a Shadowhunter and to use her unique power. Her mother is getting married to the love of her life. Downworlders and Shadowhunters are at peace at last. And—most importantly of all—she can finally call Jace her boyfriend.",6752378,1st Edition,City of Fallen Angels
4.57,994 pages,Patrick Rothfuss,Hardcover,286039,English,”,1215032,First Edition,The Wise Man's Fear
3.62,199 pages,Rhonda Byrne,Hardcover,253270,English,"Rhonda Byrne is an Australian television writer and producer, best known for her New Thought works, The Secret—a book and a film by the same name. By the Spring of 2007 the book had sold almost 4 million copies, and the DVD had sold more than 2 million copies. She has also been a producer for Sensing Murder. According to an article published by Australia's Herald Sun, Byrne has also worked on the",52529,10th Anniversary Edition ,The Secret
3.75,343 pages,John Tiffany,Hardcover,407859,English,"It was always difficult being Harry Potter and it isn't much easier now that he is an overworked employee of the Ministry of Magic, a husband, and father of three school-age children.",29056083,"Special Rehearsal Edition Script, UK","Harry Potter and the Cursed Child, Parts One and Two"
4.34,176 pages,Shel Silverstein,Hardcover,306978,English, includes a CD of highlights from his,30118,20th Anniversary Edition with CD,A Light in the Attic
3.85,720 pages,Ayn Rand,Mass Market Paperback,256309,English,"When The Fountainhead was first published, Ayn Rand''s daringly original literary vision and her groundbreaking philosophy, Objectivism, won immediate worldwide interest and acclaim. This instant classic is the story of an intransigent young architect, his violent battle against conventional standards, and his explosive love affair with a beautiful woman who struggles to defeat him. This edition contains a special afterword by Rand's literary executor, Leonard Peikoff, which includes excerpts from Ayn Rand's own notes on the making of The Fountainhead. As fresh today as it was then, here is a novel about a hero-and about those who try to destroy him.",2122,25 Aniv Edition ,The Fountainhead
4.36,448 pages,Mario Puzo,Paperback,271739,English,"Almost fifty years ago, a classic was born. A searing portrayal of the Mafia underworld, The Godfather introduced readers to the first family of American crime fiction, the Corleones, and their powerful legacy of tradition, blood, and honor. The seduction of power, the pitfalls of greed, and",22034,US,The Godfather
4.54,440 pages,Kristin Hannah,Hardcover,335652,English,"Despite their differences, sisters Vianne and Isabelle have always been close. Younger, bolder Isabelle lives in Paris while Vianne is content with life in the French countryside with her husband Antoine and their daughter. But when the Second World War strikes, Antoine is sent off to fight and Vianne finds herself isolated so Isabelle is sent by their father to help her. ",21853621,1st Edition,The Nightingale
4.24,496 pages,Betty  Smith,Paperback,310632,English," is a poignant and moving tale filled with compassion and cruelty, laughter and heartache, crowded with life and people and incident. The story of young, sensitive, and idealistic Francie Nolan and her bittersweet formative years in the slums of",14891,Deckle Page Edition,A Tree Grows In Brooklyn 
3.93,362 pages,James Dashner,Hardcover,349471,English, Thomas was sure that escape from the Maze would mean freedom for him and the Gladers. But WICKED isn’t done yet. Phase Two has just begun. The Scorch. ,7631105,1st Edition,The Scorch Trials
3.64,349 pages,Greg Mortenson,Paperback,289784,English,"Anyone who despairs of the individual’s power to change lives has to read the story of Greg Mortenson, a homeless mountaineer who, following a 1993 climb of Pakistan’s treacherous K2, was inspired by a chance encounter with impoverished mountain villagers and promised to build them a school. Over the next decade he built fifty-five schools—especially for girls—that offer a balanced education in one of the most isolated and dangerous regions on earth. As it chronicles Mortenson’s quest, which has brought him into conflict with both enraged Islamists and uncomprehending Americans, ",49436,Non-Classics,Three Cups of Tea 
3.97,232 pages,Gail Carson Levine,Paperback,347442,English,"At birth, Ella is inadvertently cursed by an imprudent young fairy named Lucinda, who bestows on her the ""gift"" of obedience. Anything anyone tells her to do, Ella must obey. Another girl might have been cowed by this affliction, but not feisty Ella: ""Instead of making me docile, Lucinda's curse made a rebel o",24337,First Scholastic Edition,Ella Enchanted
4.43,316 pages,R.J. Palacio,Hardcover,390358,English,"August (Auggie) Pullman was born with a facial deformity that prevented him from going to a mainstream school—until now. He's about to start 5th grade at Beecher Prep, and if you've ever been the new kid then you know how hard that can be. The thing is Auggie's just an ordinary kid, with an extraordinary face. But can he convince his new classmates that he's just like them, despite appearances?",11387515,Books for Young Readers,Wonder
4.15,390 pages,Marissa Meyer,Hardcover,462326,English,"Sixteen-year-old Cinder is considered a technological mistake by most of society and a burden by her stepmother. Being cyborg does have its benefits, though: Cinder's brain interference has given her an uncanny ability to fix things (robots, hovers, her own malfunctioning parts), making her the best mechanic in New Beijing. This reputation brings Prince Kai himself to her weekly market booth, needing her to repair a broken android before the annual ball. He jokingly calls it ""a matter of national security,"" but Cinder suspects it's more serious than he's letting on.",11235712,First Edition,Cinder
4.05,372 pages,Stephen R. Covey,Paperback,340226,English," author Stephen R. Covey presents a holistic, integrated, principle-centered approach for solving personal and professional problems. With penetrating insights and pointed anecdotes, Covey reveals a step-by-step pathway for living with fairness, integrity, service, and human dignity -- principles that give us the security to adapt",36072,Anniversary Edition,The 7 Habits of Highly Effective People
3.94,298 pages,William Shakespeare,Paperback,364196,English,"Shakespeare's intertwined love polygons begin to get complicated from the start--Demetrius and Lysander both want Hermia but she only has eyes for Lysander. Bad news is, Hermia's father wants Demetrius for a son-in-law. On the outside is Helena, whose unreturned love burns hot for Demetrius. Hermia and Lysander plan to flee from the city under cover of darkness but are pursued by an enraged Demetrius (who is himself pursued by an enraptured Helena). In the forest, unbeknownst to the mortals, Oberon and Titania (King and Queen of the faeries) are having a spat over a servant boy. The plot twists up when Oberon's head mischief-maker, Puck, runs loose with a flower which causes people to fall in love with the first thing they see upon waking. Throw in a group of labourers preparing a play for the Duke's wedding (one of whom is given a donkey's head and Titania for a lover by Puck) and the complications become fantastically funny.",1622,Folger Shakespeare Library,A Midsummer Night's Dream
3.79,306 pages,P.C. Cast,Paperback,372860,English,"After a Vampire Tracker Marks her with a crescent moon on her forehead, 16-year-old Zoey Redbird enters the House of Night and learns that she is no average fledgling. She has been Marked as special by the vampyre Goddess Nyx and has affinities for all five elements: Air, Fire Water, Earth and Spirit. But she",30183,1st edition,Marked
3.8,461 pages,Dan Brown,Hardcover,349235,English,", ",17212231,First Edition,Inferno
3.89,348 pages,Gabriel García Márquez,Paperback,325361,English,"In their youth, Florentino Ariza and Fermina Daza fall passionately in love. When Fermina eventually chooses to marry a wealthy, well-born doctor, Florentino is devastated, but he is a romantic. As he rises in his business career he whiles away the years in 622 affairs--yet he reserves his heart for Fermina. Her husband dies at last, and Florentino purposefully attends the funeral. Fifty years, nine months, and four days after he first declared his love for Fermina, he will do so again.",9712,First Vintage International Edition,El amor en los tiempos del cólera
4.13,249 pages,Jane Austen,Paperback,405768,English,"Twenty-seven-year old Anne Elliot is Austen's most adult heroine. Eight years before the story proper begins, she is happily betrothed to a naval officer, Frederick Wentworth, but she precipitously breaks off the engagement when persuaded by her friend Lady Russell that such a match is unworthy. The breakup produces in Anne a deep and long-lasting regret. When later Wentworth returns from sea a rich and successful captain, he finds Anne's family on the brink of financial ruin and his own sister a tenant in Kellynch Hall, the Elliot estate. All the tension of the novel revolves around one question: Will Anne and Wentworth be reunited in their love?",2156,Oxford World's Classics,Persuasion
3.74,452 pages,Lauren Kate,Hardcover,410986,English,"17-year-old Lucinda falls in love with a gorgeous, intelligent boy, Daniel, at her new school, the grim, foreboding Sword & Cross . . . only to find out that Daniel is a fallen angel, and that they have spent lifetimes finding and losing one another as good & evil forces plot to keep them apart. ",6487308,1st Edition,Fallen
4.35,601 pages,John Steinbeck,Paperback,338968,English,"Set in the rich farmland of California’s Salinas Valley, this sprawling and often brutal novel follows the intertwined destinies of two families—the Trasks and the Hamiltons—whose generations helplessly reenact the fall of Adam and Eve and the poisonous rivalry of Cain and Abel. Here Steinbeck created some of his most memorable characters and explored his most enduring themes: the mystery of identity; the inexplicability of love; and the murderous consequences of love’s absence.",4406,Centennial Edition,East of Eden  
4.24,767 pages,C.S. Lewis,Paperback,403874,English,", written in 1949 by Clive Staples Lewis. But Lewis did not stop there. Six more books followed, and together they became known as ",11127,Reissue Edition,The Chronicles of Narnia
4.19,338 pages,Sylvia Day,Paperback,388289,English,Gideon ,13572249,First Edition,Bared to You
3.98,447 pages,Erik Larson,Audio Cassette,353490,English,"Two men, each handsome and unusually adept at his chosen work, embodied an element of the great dynamic that characterized America's rush toward the twentieth century. The architect was Daniel Hudson Burnham,",21996,Abridged,"The Devil in the White City: Murder, Magic, and Madness at the Fair that Changed America"
4.03,320 pages,Janet Evanovich,Paperback,405609,English,"Janet Evanovich is the #1 New York Times bestselling author of the Stephanie Plum series, the Lizzy and Diesel series, twelve romance novels, the Alexandra Barnaby novels and Trouble Maker graphic novel, and How I Write: Secrets of a Bestselling Author, as well as the Fox and O'Hare series with co-author Lee Goldberg.",6853,First St. Martin's Griffin Edition,One for the Money
4.0,391 pages,Becca Fitzpatrick,Hardcover,465268,English,But after a series of t,6339664,First Edition,"Hush, Hush"
3.66,509 pages,Dan Brown,Hardcover,408020,English,", Dan Brown demonstrates once again why he is the world's most popular thriller writer. ",6411961,First Edition,The Lost Symbol
4.47,1216 pages,J.R.R. Tolkien,Paperback,439911,English, and ,33,50th Anniversary One-volume Edition,The Lord of the Rings
4.03,400 pages,Erin Morgenstern,Hardcover,479860,English,"The circus arrives without warning. No announcements precede it. It is simply there,",9361589,First Edition,The Night Circus
4.04,661 pages,Philippa Gregory,Paperback,400743,English,"When Mary Boleyn comes to court as an innocent girl of fourteen, she catches the eye of Henry VIII. Dazzled, Mary falls in love with both her golden prince and her growing role as unofficial queen. However, she soon realises just how much she is a pawn in her family's ambitious plots as the king's interest begins to wane and she is forced to step aside for her best friend and rival: her sister, Anne. Then Mary knows that she must defy her family and her king and take fate into her own hands.",37470,First Touchstone Edition 2003,The Other Boleyn Girl
4.18,671 pages,Fyodor Dostoyevsky,Paperback,448923,English, put Dostoevsky at the forefront of Russian writers when it appeared in 1866 and is now one of the most famous and influential novels in world literature.,7144,Penguin Classics,Преступление и наказание
4.33,481 pages,Cassandra Clare,Hardcover,520434,English, bestselling Mortal Instruments series.,7171637,First Edition,Clockwork Angel
3.99,474 pages,Jane Austen,Paperback,502258,English,"Beautiful, clever, rich - and single - Emma Woodhouse is perfectly content with her life and sees no need for either love or marriage. Nothing, however, delights her more than interfering in the romantic lives of others. But when she ignores the warnings of her good friend Mr. Knightley and attempts to arrange a suitable match for her protegee Harriet Smith, her carefully laid plans soon unravel and have consequences that she never expected. With its imperfect but charming heroine and its witty and subtle exploration of relationships, Emma is often seen as Jane Austen's most flawless work.",6969,Penguin Classics,Emma
4.05,343 pages,Truman Capote,Paperback,404871,English,"As Truman Capote reconstructs the murder and the investigation that led to the capture, trial, and execution of the kille",168642,First Vintage International edition,In Cold Blood
4.02,964 pages,Leo Tolstoy,Paperback,477020,English,"In their world frivolous liaisons are commonplace, but Anna and Vronsky’s consuming passion makes them a target for sco",15823480,Movie Tie-In,Анна Каренина
4.11,635 pages,Neil Gaiman,Paperback,527789,English,"Together they embark on a profoundly strange journey across the heart of the USA, whilst all around them a s",4407,the author's preferred text,American Gods
4.35,557 pages,Rick Riordan,Paperback,493333,English,"He doesn’t remember anything before waking up in a bus full of kids on a field trip. Apparently he has a girlfriend named Piper, and a best friend named Leo. They’re all students at a boarding school for “bad kids.” What did Jason do to end up here? And where is here, exactly?",7736182,First Edition,The Lost Hero
3.75,505 pages,Charles Dickens,Paperback,510968,English,"In what may be Dickens's best novel, humble, orphaned Pip is apprenticed to the dirty work of the forge but dares to dream of becoming a gentleman — and one day, under sudden and enigmatic circumstances, he finds himself in possession of ""great expectations."" In this gripping tale of crime and guilt, revenge and reward, the compelling characters include Magwitch, the fearful and fearsome convict; Estella, whose beauty is excelled only by her haughtiness; and the embittered Miss Havisham, an eccentric jilted bride.",2623,Oxford World's Classics,Great Expectations
4.21,453 pages,Cassandra Clare,Hardcover,590139,English,"Clary Fray just wishes that her life would go back to normal. But what's normal when you're a demon-slaying Shadowhunter, your mother is in a magically induced coma, and you can suddenly see Downworlders like werewolves, vampires, and faeries? If Clary left the world of the Shadowhunters behind, it would mean",1582996,1st Edition,City of Ashes
4.34,1153 pages,Stephen King,Hardcover,474063,English,And here is the bleak new world of the day after: a world stripped of its institutions and emptied of 99 percent of its people. A world in which a handful of panicky survivors choose sides or are,149267,Complete & Uncut Edition,The Stand
3.85,233 pages,Tracy Chevalier,Paperback,497161,English,"With precisely 35 canvases to his credit, the Dutch painter Johannes Vermeer represents one of the great enigmas of 17th-century art. The meager facts of his biography have been gleaned from a handful of legal documents. Yet Vermeer's extraordinary paintings of domestic life, with their subtle play of light and texture, have come to define the Dutch golden age. His portrait of the anonymous Girl with a Pearl Earring has exerted a particular fascination for centuries - and it is this magnetic painting that lies at the heart of Tracy Chevalier's second novel of the same title.",2865, Deluxe Edition,Girl with a Pearl Earring
3.87,771 pages,Donna Tartt,Hardcover,469782,English,"It begins with a boy. Theo Decker, a thirteen-year-old New Yorker, miraculously survives an accident that kills his mother. Abandoned by his father, Theo is taken in by the family of a wealthy friend. Bewildered by his strange new home on Park Avenue, disturbed by schoolmates who don't know how to talk to him, and tormented above all by his unbearable longing for his mother, he clings to one thing that reminds him of her: a small, mysteriously captivating painting that ultimately draws Theo into the underworld of art.",17333223,First American Edition,The Goldfinch
4.2,563 pages,Stieg Larsson,Hardcover,530383,English,"Lisbeth Salander - the heart of Larsson's two previous novels - lies in critical condition, a bullet wound to her head, in the intensive care unit of a Swedish city hospital. She's fighting for her life in more ways than one: if and when she recovers, she'll be taken back to Stockhol",6892870,Borzoi (US),Luftslottet som sprängdes
3.89,352 pages,Ransom Riggs,Hardcover,684411,English,"A horrific family tragedy sets sixteen-year-old Jacob journeying to a remote island off the coast of Wales, where he discovers the crumbling ruins of Miss Peregrine’s Home for Peculiar Children. As Jacob explores its abandoned bedrooms and hallways, it becomes clear that the children w",9460487,First Edition,Miss Peregrine’s Home for Peculiar Children
3.37,238 pages,Nathaniel Hawthorne,Paperback,561112,English,"Set in the harsh Puritan community of seventeenth-century Boston, this tale of an adulterous entanglement that results in an illegitimate birth reveals Nathaniel Hawthorne's concerns with the tension between the public and the private selves. Publicly disgraced and ostracized, Hester Prynne draws on her inner strength and certainty of spirit to emerge as the first true heroine of American fiction. Arthur Dimmesdale, trapped by the rules of society, stands as a classic study of a self divided.",12296,Penguin Classics,The Scarlet Letter
4.34,541 pages,Cassandra Clare,Hardcover,636460,English,"To save her mother's life, Clary must travel to the City of Glass, the ancestral home of the Shadowhunters - never mind that entering the city without permission is against the Law, and breaking the Law could mean death. To make things worse, she learns that Jace does not want her there, and Simon has been thr",3777732,1st Edition,City of Glass
3.9,196 pages,Mitch Albom,Paperback,476322,"
                  ","In heaven, five people explain yo",3431,First,The Five People You Meet in Heaven
3.88,331 pages,Vladimir Nabokov,Paperback,521162,", ","Humbert Humbert - scholar, aesthete and romantic - has fallen completely and utterly in love with Lolita Haze, his landlady's gum-snapping, silky skinned twelve-year-old daughter. Reluctantly agreeing to marry Mrs Haze just to be close to Lolita, Humbert suffers greatly in the pursuit of romance; but when Lo herself starts looking for attention elsewhere, he will carry her off on a desperate cross-country misadventure, all in the name of Love. Hilarious, flamboyant, heart-breaking and full of ingenious word play, Lolita is an immaculate, unforgettable masterpiece of obsession, delusion and lust.",7604,"New Edition, Penguin Modern Classics",Lolita
3.99,75 pages,John Grisham,Paperback,490933,English,"""Long before his name became synonymous with the modern legal thriller, he was working 60-70 hours a week at a small Southaven, Mississippi law practice, squeezing in time before going to the office and during courtroom recesses to work on his hobby—writing his first novel.",5358,Penguin Readers,The Firm
4.22,1276 pages,Alexandre Dumas,Paperback,605021,English,"Thrown in prison for a crime he has not committed, Edmond Dantès is confined to the grim fortress of If. There he learns of a great hoard of treasure hidden on the Isle of Monte Cristo and he becomes determined not only to escape, but also to unearth the treasure and use it to plot the destruction of the three men responsi",7126,Penguin Classics,Le Comte de Monte-Cristo
3.95,241 pages,Cormac McCarthy,Hardcover,558985,English,"A father and his son walk alone through burned America. Nothing moves in the ravaged landscape save the ash on the wind. It is cold enough to crack stones, and when the snow falls it is gray. The sky is dark. Their destination is the coast, although they don’t know what, if anything, awaits",6288,First Edition,The Road
3.63,526 pages,Veronica Roth,Hardcover,667767,English,"The faction-based society that Tris Prior once believed in is shattered - fractured by violence and power struggles and scarred by loss and betrayal. So when offered a chance to explore the world past the limits she's known, Tris is ready. Perhaps beyond the fence, she and Tobias will find a simple new life together, free from complicated lies, tangled loyalties, and painful memories.",18710190,UK Hardcover,Allegiant
3.87,532 pages,E.L. James,Paperback,625675,English,"Daunted by the singular sexual tastes and dark secrets of the beautiful, tormented young entrepreneur Christian Grey, Anastasia Steele has broken off their relationship to start a new career with a Seattle publishing house. But desire for Christian still dominates her every waking thought, and when he proposes a new arrangement, Anastasia cannot resist. They rekindle their searing sensual affair, and Anastasia learns more about the harrowing past of her damaged, driven, and demanding Fifty Shades. While Christian wrestles with his inner demons, Anastasia must confront her anger and envy of the women who came before her and make the most important decision of her life. Erotic, sparkling and suspenseful, ",11857408,First Edition,Fifty Shades Darker
3.98,488 pages,Bram Stoker,Paperback,697659,English,"A rich selection of background and source materials is provided in three areas: Contexts includes probable inspirations for Dracula in the earlier works of James Malcolm Rymer and Emily Gerard. Also included are a discussion of Stoker's working notes for the novel and ""Dracula's Guest,"" the original opening chapter to Dracula. Reviews and Reactions reprints five early reviews of the novel. ""Dramatic and Film Variations"" focuses on theater and film adaptations of Dracula, two indications of the novel's unwavering appeal. David J. Skal, Gregory A. Waller, and Nina Auerbach offer their varied perspectives. Checklists of both dramatic and film adaptations are included.",17245,Norton Critical Edition,Dracula
4.22,752 pages,Stieg Larsson,Mass Market Paperback,654465,English,"When a young couple are found dead in their Stockholm apartment, it's a",5060378,First US Edition,Flickan som lekte med elden
4.06,254 pages,Oscar Wilde,Paperback,682348,English,"﻿Written in his distinctively dazzling manner, Oscar Wilde’s story of a fashionable young man who sells his soul for eternal youth and beauty is the author’s most popular work. The tale of Dorian Gray’s moral disintegration caused a scandal when it ﬁrst appeared in 1890, but though Wilde was attacked for the novel’s corrupting inﬂuence, he responded that there is, in fact, “a terrible moral in ",5297,Modern Library Classics,The Picture of Dorian Gray
3.93,320 pages,Steven D. Levitt,Hardcover,551371,English,These may not sound like typical questions for an economist to ask. But Steven D. Levitt is not a typical economi,1202,Revised and Expanded Edition,Freakonomics: A Rogue Economist Explores the Hidden Side of Everything
4.02,384 pages,James Dashner,Hardcover,789556,English,"Outside the towering stone walls that surround the Glade is a limitless, ever-changing ma",6186357,First Edition,The Maze Runner
4.25,398 pages,William Goldman,Paperback,659744,English,"As a boy, William Goldman claims, he loved to hear his father read the S. Morgenstern classic, The Princess Bride. But as a grown-up he discovered that the boring parts were left out of good old Dad's recitat",21787,30th Anniversary Edition,The Princess Bride
4.3,120 pages,Elie Wiesel,Paperback,713782,English," is Elie Wiesel's masterpiece, a candid, horrific, and deeply poignant autobiographical account of his survival as a teenager in the Nazi death camps. This new translation by Marion Wiesel, Elie's wife and frequent translator, presents this seminal memoir in the language and spirit truest to the author's original intent. And in a substantive new preface, Elie reflects on the enduring importance of Night and his lifelong, passionate dedication to ensuring that the world never forgets man's capacity for inhumanity to man.",1617,First Printing Edition,Un di Velt Hot Geshvign
3.81,489 pages,Charles Dickens,Paperback,681546,English,"After eighteen years as a political prisoner in the Bastille, the ageing Doctor Manette is finally released and reunited with his daughter in England. There the lives of two very different men, Charles Darnay, an exiled French aristocrat, and Sydney Carton, a disreputable but brilliant English lawyer, become enmeshed through their love for Lucie Manette. From the tranquil roads of London, they are drawn against their will to the vengeful, bloodstained streets of Paris at the height of the Reign of Terror, and they soon fall under the lethal shadow of La Guillotine.",1953,"Penguin, UK / CAN / USA",A Tale of Two Cities
4.24,288 pages,Jeannette Walls,Paperback,648345,English," is a remarkable memoir of resilience and redemption, and a revelatory look into a family at once deeply dysfunctional and uniquely vibrant. When sober, Jeannette's brilliant and charismatic father captured his children's imagination, teaching them physics, geology, and how to embrace life fearlessly. But when he drank, he was dishonest and destructive. Her mother was a free spirit who abhorred the idea of domesticity and didn't want the responsibility of raising a family.",7445,First edition,The Glass Castle
4.06,409 pages,Jane Austen,Paperback,781882,English,"Marianne Dashwood wears her heart on her sleeve, and when she falls in love with the dashing but unsuitable John Willoughby she ignores her sister Elinor's warning that her impulsive behaviour leaves her open to gossip and innuendo. Meanwhile Elinor, always sensitive to social convention, is struggling to conceal her own romantic disappointment, even from those closest to her. Through their parallel experience of love—and its threatened loss—the sisters learn that sense must mix with sensibility if they are to find personal happiness in a society where status and money govern the rules of love.",14935,Penguin Classics,Sense and Sensibility
3.75,273 pages,Mary Wollstonecraft Shelley,Paperback,890904,English," when she was only eighteen. At once a Gothic thriller, a passionate romance, and a cautionary tale about the dangers of science, ",18490,Penguin Classics,"Frankenstein; or, The Modern Prometheus"
4.3,324 pages,Orson Scott Card,Mass Market Paperback,880040,English,"Andrew ""Ender"" Wiggin thinks he is playing computer simulated war games; he is, in fact, engaged in something far more desperate. The result of genetic experimentation, Ender may be the military genius Earth desperately needs in a war against an alien enemy seeking to destroy all human life. The only way to find out is to throw Ender into ever harsher training, to chip away and find the diamond inside, or destroy him utterly. Ender Wiggin is six years old when it begins. He will grow up fast.",375802,Author's Definitive Edition,Ender's Game
4.07,525 pages,Veronica Roth,Hardcover,952961,English,Tris's initiation day should have been marked by celebration,11735983,First Edition,Insurgent
4.15,184 pages,E.B. White,Paperback,1096812,English,"Some Pig. Humble. Radiant. These are the words in Charlotte's Web, high up in Zuckerman's barn. Charlotte's spiderweb tells of her feelings for a little pig named Wilbur, who simply wants a friend. They also express the l",24178,Full Color Edition,Charlotte's Web
3.85,226 pages,Mark Haddon,Paperback,920911,English,"Although gifted with a superbly logical brain, for fifteen-year-old Christopher everyday interactions and admonishment",1618,Vintage Contemporaries,The Curious Incident of the Dog in the Night-Time
3.69,629 pages,Stephenie Meyer,Hardcover,1181321,English,"As Seattle is ravaged by a string of mysterious killings and a malicious vampire continues her quest for revenge, Bella once again finds herself surrounded by danger. In the midst of it all, she is forced to choose between her love for Edward and her friendship with Jacob - knowing that her decision has the potential to ignite the ageless struggle between vampire and werewolf. With her graduation quickly approaching, Bella has one more decision to make: life or death. But which is which?",428263,First Edition,Eclipse
3.7,756 pages,Stephenie Meyer,Hardcover,1111046,English,"To be irrevocably in love with a vampire is both fantasy and nightmare woven into a dangerously heightened reality for Bella Swan. Pulled in one direction by her intense passion for Edward Cullen, and in another by her profound connection to werewolf Jacob Black, she has endured a tumultuous year of temptation, loss, and strife to reach the ultimate turning point. Her imminent choice to either join the dark but seductive world of immortals or to pursue a fully human life has become the thread from which the fates of two tribes hangs.",1162543,First Edition,Breaking Dawn
3.52,563 pages,Stephenie Meyer,Hardcover,1203898,English, ,49041,First Edition,"New Moon (Twilight, #2)"
4.1,507 pages,Charlotte Brontë,Paperback,1290643,English,"Orphaned into the household of her Aunt Reed at Gateshead and subject to the cruel regime at Lowood charity school, Jane Eyre nonetheless emerges unbroken in spirit and integrity. She takes up the post of governess at Thornfield, falls in love with Mr. Rochester, and discovers the impediment to their lawful marriage in a story that transcends melodrama to portray a woman's passionate search for a wider and richer life than Victorian society traditionally allowed.",10210,Penguin Classics,Jane Eyre
4.19,206 pages,C.S. Lewis,Paperback,1601226,English,"NARNIA...the land beyond the wardrobe, the secret country known only to Peter, Susan, Edmund, and Lucy...the place where the adventure begins.",100915,Film Tie-in Edition,"The Lion, the Witch and the Wardrobe"
3.84,112 pages,John Steinbeck,Paperback,1529895,English,"The compelling story of two outsiders striving to find their place in an unforgiving world. Drifters in search of work, George and his simple-minded friend Lennie have nothing in the world except each other and a dream--a dream that one day they will have some land of their own. Eventually they find work on a ranch in California’s Salinas Valley, but their hopes are doomed as Lennie, struggling against extreme cruelty, misunderstanding and feelings of jealousy, becomes a victim of his own strength. Tackling universal themes such as the friendship of a shared vision, and giving voice to America’s lonely and dispossessed, ",890,Steinbeck Centennial Edition,Of Mice and Men 
4.23,377 pages,Rick Riordan,Paperback,1430739,English,. ,28187,First edition,The Lightning Thief
3.74,283 pages,William Shakespeare,Mass Market Paperback,1683793,English,", Shakespeare creates a world of violence and generational conflict in which two young people fall in love and die because of that love. The story is rather extraordinary in that the normal problems faced by young lovers are here so very large. It is not simply that the families of Romeo and Juliet disapprove of the lover's affection for each other; rath",18135,New Folger edition,An Excellent conceited Tragedie of Romeo and Juliet
3.64,182 pages,William Golding,Paperback,1684728,English,The boys' struggle to find a way of existing in a community with no fixed boundaries i,7624,Penguin Great Books of the 20th Century,Lord of the Flies 
4.08,434 pages,Arthur Golden,Hardcover,1426217,English,In ,930,Large Print,Memoirs of a Geisha
4.53,734 pages,J.K. Rowling,Paperback,1886304,English,And now that he’s gotten the hang of things at Hogwarts—he ho,6,First Scholastic Trade Paperback Edition,Harry Potter and the Goblet of Fire
4.38,341 pages,J.K. Rowling,Hardcover,1925110,English,And strike it does. For in Harry's second year at Ho,15881,First American Edition,Harry Potter and the Chamber of Secrets
4.03,392 pages,Suzanne Collins,Hardcover,1881176,English,It is by design that Katniss was rescued fr,7260188,First Edition,Mockingjay
4.34,374 pages,Suzanne Collins,Hardcover,4991107,English,"The nation of Panem, formed from a post-apocalyptic North America, is a country that consists of a wealthy Capitol region surrounded by 12 poorer districts. Early in its history, a rebellion led by a 13th district against the Capitol resulted in its destruction and the creation of an annual televised event known as the Hunger Games. In punishment, and as a reminder of the power and grace of the Capitol, each district must yield one boy and one girl between the ages of 12 and 18 through a lottery system to participate in the games. The 'tributes' are chosen during the annual Reaping and are forced to fight to the death, leaving only one survivor to claim victory.",2767052,First Edition,The Hunger Games
4.61,759 pages,J.K. Rowling,Hardcover,1863821,English,Their cross-country odyssey has them searching desperately fo,136251,First American Edition,Harry Potter and the Deathly Hallows
